{"stats":{"minecraft:picked_up":{"minecraft:splash_potion":1,"jeg:silencer":1,"minecraft:light_gray_shulker_box":11,"minecraft:purple_shulker_box":7,"minecraft:purpur_block":1,"minecraft:elytra":2,"jeg:spectre_ammo":10,"minecraft:smooth_stone_slab":2,"minecraft:item_frame":28,"minecraft:white_stained_glass":3,"paraglider:deku_leaf":1,"minecraft:pink_shulker_box":8,"jeg:revolver":1,"minecraft:black_shulker_box":5,"minecraft:bucket":2,"minecraft:spruce_planks":16,"jeg:stun_grenade":16,"minecraft:redstone_torch":4,"minecraft:cobblestone_slab":1,"minecraft:player_head":83,"jeg:blossom_rifle":3,"minecraft:enchanted_golden_apple":61,"minecraft:blue_shulker_box":6,"jeg:semi_auto_rifle":2,"minecraft:lime_shulker_box":11,"minecraft:orange_shulker_box":6,"jeg:pistol_ammo":25,"jeg:bolt_action_rifle":3,"jeg:vertical_grip":1,"minecraft:magenta_shulker_box":11,"minecraft:prismarine_crystals":54,"minecraft:cyan_shulker_box":12,"minecraft:gray_shulker_box":5,"minecraft:arrow":54,"minecraft:red_shulker_box":6,"jeg:waterpipe_shotgun":2,"minecraft:brown_shulker_box":10,"jeg:rifle_ammo":238,"minecraft:white_shulker_box":7,"minecraft:cobblestone":1,"paraglider:paraglider":1,"minecraft:netherite_boots":1,"minecraft:yellow_shulker_box":7,"minecraft:iron_door":3,"minecraft:potato":2,"minecraft:filled_map":19,"minecraft:oak_log":8,"minecraft:cobblestone_stairs":1,"minecraft:green_shulker_box":5,"minecraft:paper":1,"jeg:combat_rifle":8,"jeg:grenade":22,"minecraft:red_carpet":1,"jeg:molotov_cocktail":2,"minecraft:glass":1,"minecraft:stone_bricks":47,"minecraft:bow":1,"minecraft:mossy_stone_bricks":64,"minecraft:glowstone_dust":9,"jeg:double_barrel_shotgun":4,"minecraft:stone_brick_slab":27,"minecraft:light_blue_shulker_box":8,"minecraft:shulker_box":5,"minecraft:sea_lantern":134,"jeg:handmade_shell":59,"minecraft:firework_rocket":148,"minecraft:netherite_helmet":1,"jeg:custom_smg":1,"jeg:holy_shotgun":2,"minecraft:painting":5,"minecraft:light_gray_carpet":1},"minecraft:killed_by":{"minecraft:player":1},"minecraft:killed":{"minecraft:wandering_trader":6},"minecraft:used":{"jeg:stun_grenade":19,"minecraft:iron_bars":4,"minecraft:flint_and_steel":5,"minecraft:elytra":8,"minecraft:light_gray_carpet":1,"minecraft:spruce_planks":20,"minecraft:ender_chest":7,"minecraft:stone":64,"minecraft:purple_shulker_box":21,"minecraft:white_shulker_box":17,"jeg:holy_shotgun":230,"minecraft:brown_shulker_box":17,"jeg:pump_shotgun":25,"minecraft:netherrack":2,"minecraft:light_gray_shulker_box":18,"jeg:burst_rifle":72,"minecraft:soul_sand":8,"minecraft:white_carpet":1,"jeg:gunnite_workbench":1,"minecraft:prismarine_bricks":80,"minecraft:brick_slab":1,"minecraft:cobblestone_wall":1,"minecraft:shulker_box":10,"jeg:custom_smg":1263,"minecraft:cyan_wool":1,"jeg:grenade":34,"minecraft:milk_bucket":2,"minecraft:dark_oak_planks":48,"minecraft:red_shulker_box":13,"minecraft:glass":18,"minecraft:stone_brick_slab":7,"minecraft:sea_lantern":22,"minecraft:bricks":4,"minecraft:cyan_shulker_box":19,"minecraft:quartz_slab":13,"minecraft:brick_stairs":13,"minecraft:orange_shulker_box":12,"jeg:healing_talisman":81,"minecraft:stone_brick_stairs":2,"minecraft:stone_bricks":14,"jeg:double_barrel_shotgun":205,"minecraft:bedrock":63,"minecraft:glowstone":5,"minecraft:redstone_lamp":10,"minecraft:red_carpet":2,"minecraft:bow":29,"minecraft:blue_shulker_box":18,"minecraft:white_stained_glass_pane":4,"jeg:revolver":73,"jeg:semi_auto_rifle":237,"minecraft:trapped_chest":1,"minecraft:potato":1,"minecraft:enchanted_golden_apple":7,"minecraft:magenta_shulker_box":16,"minecraft:water_bucket":5,"minecraft:mossy_stone_bricks":31,"minecraft:light_blue_shulker_box":19,"minecraft:cow_spawn_egg":2,"minecraft:iron_ore":1,"minecraft:snow_block":1,"minecraft:wither_skeleton_skull":9,"jeg:combat_rifle":1642,"minecraft:birch_planks":2,"minecraft:yellow_shulker_box":12,"minecraft:polished_andesite":7,"minecraft:prismarine":1,"minecraft:sandstone":1,"minecraft:black_shulker_box":13,"minecraft:redstone_block":12,"jeg:assault_rifle":139,"minecraft:lime_terracotta":1,"minecraft:terracotta":1,"minecraft:lime_stained_glass_pane":1,"minecraft:light_gray_terracotta":1,"minecraft:sponge":9,"minecraft:chiseled_quartz_block":17,"minecraft:lime_shulker_box":21,"jeg:bolt_action_rifle":73,"minecraft:firework_rocket":673,"minecraft:gray_shulker_box":16,"minecraft:command_block":1,"minecraft:barrier":167,"minecraft:iron_door":1,"minecraft:green_shulker_box":10,"minecraft:coal_block":16,"minecraft:cobblestone":10,"minecraft:pink_shulker_box":15,"minecraft:white_stained_glass":11,"minecraft:lapis_block":3,"jeg:blossom_rifle":1354,"minecraft:smooth_stone_slab":52,"jeg:waterpipe_shotgun":64,"jeg:molotov_cocktail":32},"minecraft:custom":{"minecraft:interact_with_anvil":1,"minecraft:mob_kills":6,"minecraft:interact_with_crafting_table":1,"minecraft:open_shulker_box":326,"minecraft:leave_game":34,"minecraft:time_since_death":112487,"minecraft:climb_one_cm":7988,"minecraft:damage_resisted":623,"minecraft:sprint_one_cm":939591,"minecraft:walk_one_cm":1060163,"minecraft:drop":549,"minecraft:damage_dealt_absorbed":1534,"minecraft:talked_to_villager":1,"minecraft:play_time":992765,"minecraft:deaths":26,"minecraft:sneak_time":29986,"minecraft:walk_under_water_one_cm":148495,"minecraft:interact_with_brewingstand":1,"minecraft:jump":5053,"minecraft:walk_on_water_one_cm":72173,"minecraft:total_world_time":992765,"minecraft:tune_noteblock":11,"minecraft:time_since_rest":112520,"minecraft:open_enderchest":8,"minecraft:damage_taken":4424,"minecraft:damage_absorbed":977,"minecraft:trigger_trapped_chest":1,"minecraft:damage_dealt":255,"minecraft:swim_one_cm":4073,"minecraft:fly_one_cm":5388159,"minecraft:player_kills":6,"minecraft:open_chest":16,"minecraft:crouch_one_cm":48564,"minecraft:aviate_one_cm":4227450,"minecraft:fall_one_cm":34309},"minecraft:mined":{"minecraft:glass":1},"minecraft:broken":{"minecraft:netherite_helmet":1},"minecraft:dropped":{"minecraft:blue_shulker_box":3,"jeg:telescopic_sight":1,"minecraft:orange_shulker_box":4,"minecraft:birch_planks":1,"jeg:silencer":2,"minecraft:oak_log":13,"minecraft:lime_shulker_box":9,"minecraft:netherite_helmet":1,"jeg:vertical_grip":1,"minecraft:cobblestone":1,"minecraft:green_shulker_box":2,"jeg:grenade":6,"jeg:bolt_action_rifle":3,"jeg:scrap":1,"minecraft:elytra":5,"minecraft:polished_andesite":1,"minecraft:cobblestone_stairs":2,"minecraft:red_shulker_box":2,"jeg:custom_smg":4,"jeg:shotgun_shell":32,"minecraft:light_gray_shulker_box":6,"minecraft:yellow_shulker_box":5,"minecraft:netherite_boots":1,"minecraft:black_shulker_box":2,"minecraft:white_stained_glass_pane":1,"jeg:waterpipe_shotgun":4,"jeg:light_stock":1,"paraglider:paraglider":3,"minecraft:dark_oak_planks":1,"jeg:spectre_ammo":131,"minecraft:magenta_shulker_box":7,"minecraft:redstone_block":1,"minecraft:stone_brick_slab":28,"minecraft:bricks":1,"minecraft:cobblestone_wall":1,"minecraft:smooth_stone_slab":1,"jeg:double_barrel_shotgun":7,"minecraft:enchanted_golden_apple":7,"minecraft:light_gray_carpet":1,"minecraft:cyan_shulker_box":7,"jeg:rifle_ammo":120,"minecraft:white_shulker_box":4,"minecraft:shulker_box":3,"minecraft:brown_shulker_box":3,"paraglider:deku_leaf":1,"minecraft:sea_lantern":134,"minecraft:cobblestone_slab":2,"minecraft:potato":3,"jeg:revolver":1,"minecraft:brick_stairs":2,"jeg:molotov_cocktail":2,"jeg:holy_shotgun":2,"minecraft:spruce_planks":16,"minecraft:mossy_stone_bricks":64,"minecraft:pink_shulker_box":6,"jeg:assault_rifle":2,"minecraft:stone_bricks":52,"minecraft:glass":2,"minecraft:gray_shulker_box":2,"jeg:blossom_rifle":2,"minecraft:purple_shulker_box":4,"jeg:combat_rifle":9,"minecraft:white_stained_glass":3,"jeg:pistol_ammo":110,"jeg:handmade_shell":28,"minecraft:light_blue_shulker_box":5,"jeg:semi_auto_rifle":4,"minecraft:firework_rocket":21,"minecraft:terracotta":1}},"DataVersion":2975}