{"stats":{"minecraft:dropped":{"minecraft:blue_shulker_box":1,"minecraft:orange_shulker_box":5,"minecraft:bricks":1,"minecraft:birch_planks":1,"minecraft:oak_log":13,"minecraft:smooth_stone_slab":1,"minecraft:lime_shulker_box":4,"minecraft:barrier":6,"minecraft:comparator":1,"minecraft:cyan_shulker_box":5,"minecraft:white_shulker_box":5,"minecraft:elytra":2,"minecraft:shulker_box":4,"minecraft:polished_andesite":1,"minecraft:cobblestone_stairs":2,"minecraft:cobblestone_slab":2,"minecraft:red_shulker_box":1,"minecraft:potato":2,"minecraft:brick_stairs":2,"minecraft:light_gray_shulker_box":3,"minecraft:pink_shulker_box":5,"minecraft:yellow_shulker_box":4,"minecraft:black_shulker_box":1,"minecraft:white_stained_glass_pane":1,"minecraft:stone_bricks":7,"minecraft:gray_shulker_box":2,"minecraft:purple_shulker_box":1,"minecraft:glass":2,"minecraft:dark_oak_planks":1,"minecraft:magenta_shulker_box":5,"minecraft:light_blue_shulker_box":4,"minecraft:redstone_block":1,"minecraft:stone_brick_slab":1,"minecraft:firework_rocket":20,"minecraft:terracotta":1},"minecraft:picked_up":{"minecraft:yellow_shulker_box":6,"minecraft:barrier":6,"minecraft:splash_potion":1,"minecraft:light_gray_shulker_box":7,"minecraft:potato":2,"minecraft:filled_map":19,"minecraft:oak_log":8,"minecraft:purple_shulker_box":4,"minecraft:purpur_block":1,"minecraft:cobblestone_stairs":1,"minecraft:green_shulker_box":3,"minecraft:item_frame":20,"minecraft:glass":1,"minecraft:red_carpet":14,"minecraft:pink_shulker_box":7,"minecraft:gray_carpet":14,"minecraft:stone_bricks":2,"minecraft:black_shulker_box":4,"minecraft:comparator":1,"minecraft:bucket":2,"minecraft:redstone_torch":4,"minecraft:cobblestone_slab":1,"minecraft:player_head":83,"minecraft:tinted_glass":1,"minecraft:blue_shulker_box":4,"minecraft:lime_shulker_box":6,"minecraft:orange_shulker_box":7,"minecraft:light_blue_shulker_box":7,"minecraft:magenta_shulker_box":8,"minecraft:white_bed":1,"minecraft:cyan_shulker_box":7,"minecraft:prismarine_crystals":4,"minecraft:gray_shulker_box":6,"minecraft:shulker_box":6,"minecraft:firework_rocket":19,"minecraft:red_shulker_box":5,"minecraft:brown_shulker_box":3,"minecraft:white_shulker_box":8},"minecraft:killed":{"minecraft:wandering_trader":3},"minecraft:used":{"minecraft:light_blue_shulker_box":17,"minecraft:iron_ore":1,"minecraft:flint_and_steel":5,"minecraft:wither_skeleton_skull":9,"minecraft:birch_planks":2,"minecraft:yellow_shulker_box":15,"minecraft:polished_andesite":11,"minecraft:redstone":1,"minecraft:prismarine":1,"minecraft:elytra":4,"minecraft:tinted_glass":1,"minecraft:ender_chest":1,"minecraft:purple_shulker_box":13,"minecraft:stone":50,"minecraft:black_shulker_box":12,"minecraft:redstone_block":1,"minecraft:white_shulker_box":18,"minecraft:cauldron":1,"minecraft:brown_shulker_box":5,"minecraft:light_gray_shulker_box":14,"minecraft:soul_sand":8,"minecraft:target":1,"minecraft:terracotta":1,"minecraft:prismarine_bricks":595,"minecraft:brick_slab":1,"minecraft:white_bed":2,"minecraft:chiseled_quartz_block":16,"minecraft:sponge":9,"minecraft:shulker_box":12,"minecraft:lime_shulker_box":15,"minecraft:milk_bucket":2,"minecraft:dark_oak_planks":1,"minecraft:red_shulker_box":8,"minecraft:dark_prismarine":1,"minecraft:glass":81,"minecraft:stone_brick_slab":6,"minecraft:light":61,"minecraft:sea_lantern":2,"minecraft:firework_rocket":479,"minecraft:bricks":4,"minecraft:gray_shulker_box":14,"minecraft:cyan_shulker_box":10,"minecraft:command_block":2,"minecraft:grass_block":1,"minecraft:barrier":166,"minecraft:brick_stairs":8,"minecraft:orange_shulker_box":14,"minecraft:quartz_block":8,"minecraft:polished_granite":7,"minecraft:stone_bricks":11,"minecraft:bedrock":5,"minecraft:coal_block":16,"minecraft:green_shulker_box":5,"minecraft:cobblestone":9,"minecraft:redstone_lamp":2,"minecraft:bow":1,"minecraft:blue_shulker_box":12,"minecraft:white_stained_glass_pane":4,"minecraft:pink_shulker_box":19,"minecraft:white_stained_glass":1,"minecraft:andesite":1,"minecraft:lapis_block":1,"minecraft:smooth_stone_slab":14,"minecraft:trapped_chest":1,"minecraft:observer":1,"minecraft:magenta_shulker_box":14,"minecraft:cobweb":2},"minecraft:custom":{"minecraft:mob_kills":3,"minecraft:tune_noteblock":11,"minecraft:open_shulker_box":273,"minecraft:leave_game":18,"minecraft:time_since_death":95218,"minecraft:climb_one_cm":4619,"minecraft:time_since_rest":95248,"minecraft:damage_taken":920,"minecraft:sprint_one_cm":502224,"minecraft:open_enderchest":5,"minecraft:walk_one_cm":582248,"minecraft:trigger_trapped_chest":1,"minecraft:drop":209,"minecraft:target_hit":4,"minecraft:swim_one_cm":3066,"minecraft:fly_one_cm":3514250,"minecraft:open_chest":3,"minecraft:crouch_one_cm":32557,"minecraft:play_time":652842,"minecraft:deaths":13,"minecraft:sneak_time":19260,"minecraft:walk_under_water_one_cm":97928,"minecraft:aviate_one_cm":3898780,"minecraft:jump":2358,"minecraft:interact_with_brewingstand":2,"minecraft:walk_on_water_one_cm":43720,"minecraft:total_world_time":652842,"minecraft:fall_one_cm":22921}},"DataVersion":2975}