{"stats":{"minecraft:picked_up":{"minecraft:splash_potion":1,"minecraft:light_gray_shulker_box":7,"minecraft:purple_shulker_box":4,"minecraft:purpur_block":1,"jeg:spectre_ammo":10,"minecraft:item_frame":20,"paraglider:deku_leaf":1,"minecraft:pink_shulker_box":7,"minecraft:black_shulker_box":4,"minecraft:comparator":1,"minecraft:bucket":2,"minecraft:redstone_torch":4,"minecraft:cobblestone_slab":1,"minecraft:player_head":83,"jeg:blossom_rifle":2,"minecraft:tinted_glass":1,"minecraft:blue_shulker_box":4,"minecraft:lime_shulker_box":6,"minecraft:orange_shulker_box":7,"jeg:pistol_ammo":6,"jeg:bolt_action_rifle":1,"minecraft:magenta_shulker_box":8,"minecraft:cyan_shulker_box":7,"minecraft:gray_shulker_box":6,"minecraft:prismarine_crystals":4,"minecraft:red_shulker_box":5,"jeg:waterpipe_shotgun":2,"minecraft:brown_shulker_box":3,"minecraft:white_shulker_box":8,"minecraft:barrier":6,"minecraft:yellow_shulker_box":6,"minecraft:potato":2,"minecraft:filled_map":19,"minecraft:oak_log":8,"minecraft:cobblestone_stairs":1,"minecraft:green_shulker_box":3,"jeg:combat_rifle":1,"minecraft:red_carpet":14,"minecraft:glass":1,"minecraft:stone_bricks":2,"minecraft:gray_carpet":14,"jeg:double_barrel_shotgun":1,"minecraft:light_blue_shulker_box":7,"minecraft:white_bed":1,"minecraft:shulker_box":6,"minecraft:firework_rocket":19,"jeg:custom_smg":13,"jeg:holy_shotgun":1},"minecraft:killed":{"minecraft:wandering_trader":3},"minecraft:used":{"jeg:stun_grenade":5,"minecraft:flint_and_steel":5,"minecraft:redstone":1,"minecraft:elytra":4,"minecraft:tinted_glass":1,"minecraft:ender_chest":1,"minecraft:stone":50,"minecraft:purple_shulker_box":13,"minecraft:white_shulker_box":18,"minecraft:brown_shulker_box":5,"jeg:pump_shotgun":6,"minecraft:light_gray_shulker_box":14,"jeg:burst_rifle":17,"minecraft:soul_sand":8,"minecraft:target":1,"minecraft:prismarine_bricks":595,"minecraft:brick_slab":1,"minecraft:shulker_box":12,"jeg:custom_smg":222,"jeg:grenade":2,"minecraft:milk_bucket":2,"minecraft:dark_oak_planks":1,"minecraft:red_shulker_box":8,"minecraft:glass":81,"minecraft:stone_brick_slab":6,"minecraft:sea_lantern":2,"minecraft:bricks":4,"minecraft:cyan_shulker_box":10,"minecraft:grass_block":1,"minecraft:brick_stairs":8,"minecraft:orange_shulker_box":14,"minecraft:quartz_block":8,"jeg:healing_talisman":81,"minecraft:stone_bricks":11,"minecraft:bedrock":5,"jeg:double_barrel_shotgun":51,"minecraft:redstone_lamp":2,"minecraft:bow":1,"minecraft:blue_shulker_box":12,"minecraft:white_stained_glass_pane":4,"jeg:semi_auto_rifle":9,"minecraft:trapped_chest":1,"minecraft:observer":1,"minecraft:magenta_shulker_box":14,"minecraft:light_blue_shulker_box":17,"minecraft:iron_ore":1,"minecraft:wither_skeleton_skull":9,"jeg:combat_rifle":819,"minecraft:birch_planks":2,"minecraft:yellow_shulker_box":15,"minecraft:polished_andesite":7,"minecraft:prismarine":1,"minecraft:black_shulker_box":12,"minecraft:redstone_block":1,"minecraft:cauldron":1,"jeg:assault_rifle":56,"minecraft:terracotta":1,"minecraft:white_bed":2,"minecraft:sponge":9,"minecraft:chiseled_quartz_block":16,"minecraft:lime_shulker_box":15,"jeg:bolt_action_rifle":69,"minecraft:dark_prismarine":1,"minecraft:light":61,"minecraft:firework_rocket":478,"minecraft:gray_shulker_box":14,"minecraft:command_block":2,"minecraft:barrier":166,"minecraft:polished_granite":7,"minecraft:green_shulker_box":5,"minecraft:coal_block":16,"minecraft:cobblestone":9,"minecraft:pink_shulker_box":19,"minecraft:white_stained_glass":1,"minecraft:andesite":1,"minecraft:lapis_block":1,"jeg:blossom_rifle":901,"minecraft:smooth_stone_slab":14,"jeg:waterpipe_shotgun":61,"jeg:molotov_cocktail":15,"minecraft:cobweb":2},"minecraft:custom":{"minecraft:mob_kills":3,"minecraft:open_shulker_box":273,"minecraft:leave_game":17,"minecraft:time_since_death":75233,"minecraft:climb_one_cm":4203,"minecraft:sprint_one_cm":497856,"minecraft:walk_one_cm":579667,"minecraft:drop":209,"minecraft:target_hit":4,"minecraft:play_time":632857,"minecraft:deaths":13,"minecraft:sneak_time":19157,"minecraft:walk_under_water_one_cm":89566,"minecraft:interact_with_brewingstand":2,"minecraft:jump":2345,"minecraft:walk_on_water_one_cm":43351,"minecraft:total_world_time":632857,"minecraft:tune_noteblock":11,"minecraft:time_since_rest":75263,"minecraft:open_enderchest":5,"minecraft:damage_taken":920,"minecraft:trigger_trapped_chest":1,"minecraft:swim_one_cm":3066,"minecraft:fly_one_cm":3473398,"minecraft:open_chest":3,"minecraft:crouch_one_cm":32547,"minecraft:aviate_one_cm":3884543,"minecraft:fall_one_cm":22921},"minecraft:dropped":{"minecraft:blue_shulker_box":1,"jeg:telescopic_sight":1,"minecraft:orange_shulker_box":5,"minecraft:birch_planks":1,"jeg:silencer":1,"minecraft:oak_log":13,"minecraft:lime_shulker_box":4,"jeg:vertical_grip":1,"minecraft:barrier":6,"jeg:bolt_action_rifle":2,"minecraft:elytra":2,"minecraft:polished_andesite":1,"minecraft:cobblestone_stairs":2,"minecraft:red_shulker_box":1,"jeg:custom_smg":17,"jeg:shotgun_shell":16,"minecraft:light_gray_shulker_box":3,"minecraft:yellow_shulker_box":4,"minecraft:black_shulker_box":1,"minecraft:white_stained_glass_pane":1,"jeg:waterpipe_shotgun":4,"jeg:light_stock":1,"minecraft:dark_oak_planks":1,"paraglider:paraglider":2,"jeg:spectre_ammo":67,"minecraft:magenta_shulker_box":5,"minecraft:redstone_block":1,"minecraft:stone_brick_slab":1,"minecraft:bricks":1,"minecraft:smooth_stone_slab":1,"jeg:double_barrel_shotgun":4,"minecraft:comparator":1,"minecraft:cyan_shulker_box":5,"jeg:rifle_ammo":56,"minecraft:white_shulker_box":5,"minecraft:shulker_box":4,"paraglider:deku_leaf":1,"minecraft:cobblestone_slab":2,"minecraft:potato":2,"jeg:revolver":1,"minecraft:brick_stairs":2,"jeg:holy_shotgun":1,"minecraft:pink_shulker_box":5,"jeg:assault_rifle":2,"minecraft:stone_bricks":7,"minecraft:gray_shulker_box":2,"jeg:blossom_rifle":2,"minecraft:purple_shulker_box":1,"minecraft:glass":2,"jeg:combat_rifle":2,"jeg:handmade_shell":12,"jeg:pistol_ammo":46,"minecraft:light_blue_shulker_box":4,"jeg:semi_auto_rifle":2,"minecraft:firework_rocket":20,"minecraft:terracotta":1}},"DataVersion":2975}