{"stats":{"minecraft:custom":{"minecraft:tune_noteblock":11,"minecraft:open_shulker_box":198,"minecraft:leave_game":13,"minecraft:time_since_death":173148,"minecraft:climb_one_cm":3647,"minecraft:time_since_rest":173181,"minecraft:damage_taken":390,"minecraft:walk_one_cm":412143,"minecraft:sprint_one_cm":377610,"minecraft:drop":162,"minecraft:swim_one_cm":2463,"minecraft:fly_one_cm":2594938,"minecraft:open_chest":1,"minecraft:crouch_one_cm":27562,"minecraft:play_time":446917,"minecraft:deaths":9,"minecraft:sneak_time":15197,"minecraft:walk_under_water_one_cm":73335,"minecraft:aviate_one_cm":2525666,"minecraft:jump":1657,"minecraft:interact_with_brewingstand":1,"minecraft:walk_on_water_one_cm":35190,"minecraft:total_world_time":446917,"minecraft:fall_one_cm":16381},"minecraft:used":{"jeg:stun_grenade":5,"minecraft:light_blue_shulker_box":10,"minecraft:iron_ore":1,"minecraft:flint_and_steel":5,"minecraft:wither_skeleton_skull":9,"jeg:combat_rifle":609,"minecraft:birch_planks":2,"minecraft:yellow_shulker_box":6,"minecraft:polished_andesite":7,"minecraft:prismarine":1,"minecraft:elytra":4,"minecraft:purple_shulker_box":11,"minecraft:stone":21,"minecraft:black_shulker_box":4,"minecraft:redstone_block":1,"minecraft:white_shulker_box":12,"minecraft:cauldron":1,"minecraft:brown_shulker_box":3,"jeg:assault_rifle":48,"jeg:pump_shotgun":6,"minecraft:light_gray_shulker_box":8,"jeg:burst_rifle":17,"minecraft:soul_sand":8,"minecraft:terracotta":1,"minecraft:prismarine_bricks":595,"minecraft:brick_slab":1,"minecraft:chiseled_quartz_block":16,"minecraft:sponge":9,"minecraft:shulker_box":8,"minecraft:lime_shulker_box":10,"jeg:custom_smg":180,"jeg:grenade":2,"minecraft:milk_bucket":2,"jeg:bolt_action_rifle":35,"minecraft:dark_oak_planks":1,"minecraft:red_shulker_box":2,"minecraft:glass":18,"minecraft:dark_prismarine":1,"minecraft:stone_brick_slab":6,"minecraft:sea_lantern":2,"minecraft:firework_rocket":364,"minecraft:bricks":4,"minecraft:gray_shulker_box":11,"minecraft:cyan_shulker_box":8,"minecraft:command_block":1,"minecraft:barrier":163,"minecraft:brick_stairs":8,"minecraft:orange_shulker_box":8,"minecraft:quartz_block":8,"minecraft:polished_granite":7,"jeg:healing_talisman":81,"minecraft:stone_bricks":3,"jeg:double_barrel_shotgun":51,"minecraft:coal_block":16,"minecraft:green_shulker_box":3,"minecraft:cobblestone":9,"minecraft:pink_shulker_box":11,"minecraft:blue_shulker_box":10,"minecraft:lapis_block":1,"minecraft:white_stained_glass_pane":4,"minecraft:white_stained_glass":1,"jeg:semi_auto_rifle":9,"jeg:blossom_rifle":901,"minecraft:smooth_stone_slab":14,"minecraft:trapped_chest":1,"jeg:waterpipe_shotgun":61,"jeg:molotov_cocktail":15,"minecraft:magenta_shulker_box":12,"minecraft:cobweb":1},"minecraft:dropped":{"minecraft:blue_shulker_box":1,"jeg:telescopic_sight":1,"minecraft:orange_shulker_box":4,"minecraft:bricks":1,"minecraft:birch_planks":1,"jeg:silencer":1,"minecraft:oak_log":13,"minecraft:smooth_stone_slab":1,"minecraft:lime_shulker_box":3,"jeg:vertical_grip":1,"jeg:double_barrel_shotgun":4,"minecraft:cyan_shulker_box":5,"jeg:bolt_action_rifle":2,"jeg:rifle_ammo":56,"minecraft:white_shulker_box":4,"minecraft:elytra":2,"minecraft:shulker_box":3,"paraglider:deku_leaf":1,"minecraft:polished_andesite":1,"minecraft:cobblestone_stairs":2,"minecraft:potato":2,"jeg:custom_smg":4,"minecraft:cobblestone_slab":2,"jeg:shotgun_shell":16,"jeg:revolver":1,"minecraft:brick_stairs":2,"jeg:holy_shotgun":1,"minecraft:light_gray_shulker_box":2,"minecraft:yellow_shulker_box":3,"minecraft:pink_shulker_box":4,"jeg:assault_rifle":2,"minecraft:white_stained_glass_pane":1,"minecraft:stone_bricks":7,"jeg:waterpipe_shotgun":4,"jeg:light_stock":1,"minecraft:gray_shulker_box":1,"minecraft:purple_shulker_box":1,"jeg:blossom_rifle":2,"minecraft:glass":2,"jeg:combat_rifle":2,"paraglider:paraglider":2,"minecraft:dark_oak_planks":1,"jeg:spectre_ammo":67,"jeg:pistol_ammo":45,"jeg:handmade_shell":12,"minecraft:magenta_shulker_box":4,"minecraft:light_blue_shulker_box":3,"minecraft:redstone_block":1,"minecraft:stone_brick_slab":1,"jeg:semi_auto_rifle":2,"minecraft:terracotta":1,"minecraft:firework_rocket":6},"minecraft:picked_up":{"minecraft:yellow_shulker_box":4,"minecraft:splash_potion":1,"minecraft:light_gray_shulker_box":4,"minecraft:potato":2,"minecraft:filled_map":19,"minecraft:purple_shulker_box":3,"minecraft:oak_log":8,"minecraft:purpur_block":1,"minecraft:cobblestone_stairs":1,"minecraft:green_shulker_box":2,"jeg:combat_rifle":1,"jeg:spectre_ammo":10,"minecraft:item_frame":20,"minecraft:glass":1,"paraglider:deku_leaf":1,"minecraft:pink_shulker_box":5,"minecraft:stone_bricks":2,"minecraft:black_shulker_box":2,"minecraft:bucket":2,"minecraft:redstone_torch":4,"minecraft:cobblestone_slab":1,"minecraft:player_head":83,"jeg:blossom_rifle":2,"jeg:double_barrel_shotgun":1,"minecraft:blue_shulker_box":3,"minecraft:lime_shulker_box":4,"minecraft:orange_shulker_box":5,"jeg:pistol_ammo":5,"jeg:bolt_action_rifle":1,"minecraft:light_blue_shulker_box":4,"minecraft:magenta_shulker_box":6,"minecraft:cyan_shulker_box":6,"minecraft:prismarine_crystals":4,"minecraft:gray_shulker_box":3,"minecraft:shulker_box":4,"minecraft:firework_rocket":5,"minecraft:red_shulker_box":2,"jeg:holy_shotgun":1,"jeg:waterpipe_shotgun":2,"minecraft:brown_shulker_box":2,"minecraft:white_shulker_box":6}},"DataVersion":2975}