{"stats":{"minecraft:custom":{"minecraft:open_shulker_box":202,"minecraft:leave_game":18,"minecraft:time_since_death":279576,"minecraft:climb_one_cm":4917,"minecraft:sprint_one_cm":516660,"minecraft:walk_one_cm":509930,"minecraft:drop":424,"minecraft:play_time":553345,"minecraft:deaths":9,"minecraft:sneak_time":17181,"minecraft:walk_under_water_one_cm":105090,"minecraft:interact_with_brewingstand":1,"minecraft:jump":2497,"minecraft:walk_on_water_one_cm":50815,"minecraft:total_world_time":553345,"minecraft:tune_noteblock":11,"minecraft:time_since_rest":279609,"minecraft:damage_taken":390,"minecraft:swim_one_cm":2463,"minecraft:fly_one_cm":3025091,"minecraft:open_chest":1,"minecraft:crouch_one_cm":28751,"minecraft:aviate_one_cm":3389442,"minecraft:fall_one_cm":16381},"minecraft:used":{"jeg:stun_grenade":6,"minecraft:iron_bars":4,"minecraft:flint_and_steel":5,"minecraft:elytra":4,"minecraft:stone":42,"minecraft:purple_shulker_box":11,"minecraft:white_shulker_box":12,"jeg:holy_shotgun":98,"minecraft:brown_shulker_box":3,"jeg:pump_shotgun":6,"minecraft:light_gray_shulker_box":8,"jeg:burst_rifle":72,"minecraft:soul_sand":8,"minecraft:white_carpet":1,"minecraft:brick_slab":1,"minecraft:cobblestone_wall":1,"minecraft:shulker_box":8,"jeg:custom_smg":556,"jeg:grenade":4,"minecraft:milk_bucket":2,"minecraft:glass":18,"minecraft:stone_brick_slab":7,"minecraft:red_shulker_box":2,"minecraft:dark_oak_planks":48,"minecraft:sea_lantern":22,"minecraft:bricks":4,"minecraft:cyan_shulker_box":8,"minecraft:quartz_slab":13,"minecraft:brick_stairs":13,"minecraft:orange_shulker_box":8,"jeg:healing_talisman":81,"minecraft:stone_brick_stairs":2,"minecraft:stone_bricks":13,"jeg:double_barrel_shotgun":119,"minecraft:glowstone":2,"minecraft:blue_shulker_box":10,"minecraft:white_stained_glass_pane":4,"jeg:semi_auto_rifle":160,"minecraft:trapped_chest":1,"minecraft:magenta_shulker_box":12,"minecraft:water_bucket":3,"minecraft:light_blue_shulker_box":10,"minecraft:cow_spawn_egg":2,"minecraft:iron_ore":1,"minecraft:wither_skeleton_skull":9,"jeg:combat_rifle":930,"minecraft:birch_planks":2,"minecraft:yellow_shulker_box":6,"minecraft:polished_andesite":7,"minecraft:prismarine":1,"minecraft:black_shulker_box":4,"minecraft:redstone_block":1,"jeg:assault_rifle":48,"minecraft:terracotta":1,"minecraft:lime_stained_glass_pane":1,"minecraft:light_gray_terracotta":1,"minecraft:sponge":9,"minecraft:chiseled_quartz_block":16,"minecraft:lime_shulker_box":10,"jeg:bolt_action_rifle":35,"minecraft:firework_rocket":603,"minecraft:gray_shulker_box":11,"minecraft:command_block":1,"minecraft:barrier":137,"minecraft:green_shulker_box":3,"minecraft:coal_block":16,"minecraft:cobblestone":10,"minecraft:white_stained_glass":10,"minecraft:pink_shulker_box":11,"minecraft:lapis_block":1,"jeg:blossom_rifle":901,"minecraft:smooth_stone_slab":18,"jeg:waterpipe_shotgun":61,"jeg:molotov_cocktail":26},"minecraft:dropped":{"minecraft:blue_shulker_box":1,"jeg:telescopic_sight":1,"minecraft:orange_shulker_box":4,"minecraft:birch_planks":1,"jeg:silencer":1,"minecraft:oak_log":13,"minecraft:lime_shulker_box":3,"jeg:vertical_grip":1,"minecraft:cobblestone":1,"jeg:bolt_action_rifle":2,"minecraft:elytra":2,"minecraft:polished_andesite":1,"minecraft:cobblestone_stairs":2,"jeg:custom_smg":4,"jeg:shotgun_shell":16,"minecraft:light_gray_shulker_box":2,"minecraft:yellow_shulker_box":3,"minecraft:white_stained_glass_pane":1,"jeg:waterpipe_shotgun":4,"jeg:light_stock":1,"minecraft:dark_oak_planks":1,"paraglider:paraglider":2,"jeg:spectre_ammo":67,"minecraft:magenta_shulker_box":4,"minecraft:redstone_block":1,"minecraft:stone_brick_slab":2,"minecraft:bricks":1,"minecraft:cobblestone_wall":1,"minecraft:smooth_stone_slab":1,"jeg:double_barrel_shotgun":4,"minecraft:cyan_shulker_box":5,"jeg:rifle_ammo":56,"minecraft:white_shulker_box":4,"minecraft:shulker_box":3,"paraglider:deku_leaf":1,"minecraft:cobblestone_slab":2,"minecraft:potato":2,"minecraft:sea_lantern":134,"jeg:revolver":1,"minecraft:brick_stairs":2,"jeg:holy_shotgun":1,"minecraft:mossy_stone_bricks":64,"minecraft:pink_shulker_box":4,"jeg:assault_rifle":2,"minecraft:stone_bricks":52,"minecraft:gray_shulker_box":1,"jeg:blossom_rifle":2,"minecraft:purple_shulker_box":1,"minecraft:glass":2,"jeg:combat_rifle":4,"jeg:handmade_shell":12,"jeg:pistol_ammo":45,"minecraft:light_blue_shulker_box":3,"jeg:semi_auto_rifle":4,"minecraft:firework_rocket":18,"minecraft:terracotta":1},"minecraft:picked_up":{"minecraft:splash_potion":1,"minecraft:light_gray_shulker_box":4,"minecraft:purple_shulker_box":3,"minecraft:purpur_block":1,"jeg:spectre_ammo":10,"minecraft:item_frame":20,"paraglider:deku_leaf":1,"minecraft:pink_shulker_box":5,"minecraft:black_shulker_box":2,"minecraft:bucket":2,"minecraft:redstone_torch":4,"minecraft:cobblestone_slab":1,"minecraft:player_head":83,"jeg:blossom_rifle":2,"minecraft:blue_shulker_box":3,"jeg:semi_auto_rifle":2,"minecraft:lime_shulker_box":4,"minecraft:orange_shulker_box":5,"jeg:pistol_ammo":5,"jeg:bolt_action_rifle":1,"minecraft:magenta_shulker_box":6,"minecraft:cyan_shulker_box":6,"minecraft:gray_shulker_box":3,"minecraft:prismarine_crystals":51,"minecraft:red_shulker_box":2,"jeg:waterpipe_shotgun":2,"minecraft:brown_shulker_box":2,"minecraft:white_shulker_box":6,"minecraft:cobblestone":1,"minecraft:yellow_shulker_box":4,"minecraft:potato":2,"minecraft:filled_map":19,"minecraft:oak_log":8,"minecraft:cobblestone_stairs":1,"minecraft:green_shulker_box":2,"jeg:combat_rifle":3,"minecraft:glass":1,"minecraft:stone_bricks":47,"minecraft:mossy_stone_bricks":64,"minecraft:glowstone_dust":6,"jeg:double_barrel_shotgun":1,"minecraft:stone_brick_slab":1,"minecraft:light_blue_shulker_box":4,"minecraft:sea_lantern":134,"minecraft:shulker_box":4,"minecraft:firework_rocket":17,"jeg:holy_shotgun":1}},"DataVersion":2975}