{"stats":{"minecraft:custom":{"minecraft:open_shulker_box":266,"minecraft:leave_game":26,"minecraft:time_since_death":136542,"minecraft:climb_one_cm":6260,"minecraft:damage_resisted":623,"minecraft:sprint_one_cm":786188,"minecraft:walk_one_cm":833976,"minecraft:drop":482,"minecraft:damage_dealt_absorbed":1534,"minecraft:play_time":763485,"minecraft:deaths":11,"minecraft:sneak_time":21882,"minecraft:walk_under_water_one_cm":122304,"minecraft:interact_with_brewingstand":1,"minecraft:jump":4192,"minecraft:walk_on_water_one_cm":58108,"minecraft:total_world_time":763485,"minecraft:tune_noteblock":11,"minecraft:time_since_rest":136575,"minecraft:damage_taken":2574,"minecraft:damage_absorbed":977,"minecraft:trigger_trapped_chest":1,"minecraft:damage_dealt":105,"minecraft:swim_one_cm":4073,"minecraft:fly_one_cm":4223991,"minecraft:player_kills":6,"minecraft:open_chest":16,"minecraft:crouch_one_cm":36267,"minecraft:aviate_one_cm":3949810,"minecraft:fall_one_cm":19121},"minecraft:mined":{"minecraft:glass":1},"minecraft:used":{"jeg:stun_grenade":19,"minecraft:iron_bars":4,"minecraft:flint_and_steel":5,"minecraft:elytra":6,"minecraft:spruce_planks":20,"minecraft:stone":64,"minecraft:purple_shulker_box":12,"minecraft:white_shulker_box":13,"jeg:holy_shotgun":217,"minecraft:brown_shulker_box":4,"jeg:pump_shotgun":25,"minecraft:netherrack":2,"minecraft:light_gray_shulker_box":9,"jeg:burst_rifle":72,"minecraft:soul_sand":8,"minecraft:white_carpet":1,"jeg:gunnite_workbench":1,"minecraft:brick_slab":1,"minecraft:cobblestone_wall":1,"minecraft:shulker_box":9,"jeg:custom_smg":1057,"jeg:grenade":34,"minecraft:milk_bucket":2,"minecraft:dark_oak_planks":48,"minecraft:glass":18,"minecraft:red_shulker_box":3,"minecraft:stone_brick_slab":7,"minecraft:sea_lantern":22,"minecraft:bricks":4,"minecraft:cyan_shulker_box":9,"minecraft:quartz_slab":13,"minecraft:brick_stairs":13,"minecraft:orange_shulker_box":9,"jeg:healing_talisman":81,"minecraft:stone_brick_stairs":2,"minecraft:stone_bricks":13,"minecraft:bedrock":18,"jeg:double_barrel_shotgun":196,"minecraft:redstone_lamp":7,"minecraft:glowstone":5,"minecraft:red_carpet":2,"minecraft:blue_shulker_box":11,"jeg:revolver":73,"minecraft:white_stained_glass_pane":4,"jeg:semi_auto_rifle":225,"minecraft:trapped_chest":1,"minecraft:potato":1,"minecraft:enchanted_golden_apple":7,"minecraft:magenta_shulker_box":13,"minecraft:water_bucket":5,"minecraft:light_blue_shulker_box":11,"minecraft:cow_spawn_egg":2,"minecraft:iron_ore":1,"minecraft:wither_skeleton_skull":9,"jeg:combat_rifle":1629,"minecraft:birch_planks":2,"minecraft:yellow_shulker_box":7,"minecraft:polished_andesite":7,"minecraft:prismarine":1,"minecraft:black_shulker_box":5,"minecraft:redstone_block":9,"jeg:assault_rifle":54,"minecraft:lime_terracotta":1,"minecraft:terracotta":1,"minecraft:lime_stained_glass_pane":1,"minecraft:light_gray_terracotta":1,"minecraft:sponge":9,"minecraft:chiseled_quartz_block":16,"minecraft:lime_shulker_box":11,"jeg:bolt_action_rifle":55,"minecraft:firework_rocket":673,"minecraft:gray_shulker_box":12,"minecraft:command_block":1,"minecraft:barrier":162,"minecraft:iron_door":1,"minecraft:green_shulker_box":4,"minecraft:coal_block":16,"minecraft:cobblestone":10,"minecraft:white_stained_glass":11,"minecraft:pink_shulker_box":12,"minecraft:lapis_block":1,"jeg:blossom_rifle":1169,"minecraft:smooth_stone_slab":40,"jeg:waterpipe_shotgun":64,"jeg:molotov_cocktail":32},"minecraft:dropped":{"minecraft:blue_shulker_box":1,"jeg:telescopic_sight":1,"minecraft:orange_shulker_box":4,"minecraft:birch_planks":1,"jeg:silencer":2,"minecraft:oak_log":13,"minecraft:lime_shulker_box":3,"minecraft:netherite_helmet":1,"jeg:vertical_grip":1,"minecraft:cobblestone":1,"jeg:grenade":6,"jeg:bolt_action_rifle":2,"jeg:scrap":1,"minecraft:elytra":3,"minecraft:polished_andesite":1,"minecraft:cobblestone_stairs":2,"jeg:custom_smg":4,"jeg:shotgun_shell":32,"minecraft:light_gray_shulker_box":2,"minecraft:yellow_shulker_box":3,"minecraft:netherite_boots":1,"minecraft:white_stained_glass_pane":1,"jeg:waterpipe_shotgun":4,"jeg:light_stock":1,"minecraft:dark_oak_planks":1,"paraglider:paraglider":3,"jeg:spectre_ammo":131,"minecraft:magenta_shulker_box":4,"minecraft:redstone_block":1,"minecraft:stone_brick_slab":2,"minecraft:bricks":1,"minecraft:cobblestone_wall":1,"minecraft:smooth_stone_slab":1,"jeg:double_barrel_shotgun":7,"minecraft:enchanted_golden_apple":7,"minecraft:cyan_shulker_box":5,"jeg:rifle_ammo":120,"minecraft:white_shulker_box":4,"minecraft:shulker_box":3,"paraglider:deku_leaf":1,"minecraft:sea_lantern":134,"minecraft:cobblestone_slab":2,"minecraft:potato":3,"jeg:revolver":1,"minecraft:brick_stairs":2,"jeg:molotov_cocktail":2,"jeg:holy_shotgun":1,"minecraft:spruce_planks":16,"minecraft:mossy_stone_bricks":64,"minecraft:pink_shulker_box":4,"jeg:assault_rifle":2,"minecraft:stone_bricks":52,"minecraft:gray_shulker_box":1,"jeg:blossom_rifle":2,"minecraft:purple_shulker_box":1,"minecraft:glass":2,"jeg:combat_rifle":9,"minecraft:white_stained_glass":3,"jeg:pistol_ammo":110,"jeg:handmade_shell":28,"minecraft:light_blue_shulker_box":3,"jeg:semi_auto_rifle":4,"minecraft:firework_rocket":21,"minecraft:terracotta":1},"minecraft:broken":{"minecraft:netherite_helmet":1},"minecraft:picked_up":{"minecraft:splash_potion":1,"jeg:silencer":1,"minecraft:light_gray_shulker_box":4,"minecraft:purple_shulker_box":3,"minecraft:purpur_block":1,"minecraft:elytra":1,"jeg:spectre_ammo":10,"minecraft:smooth_stone_slab":2,"minecraft:item_frame":20,"minecraft:white_stained_glass":3,"paraglider:deku_leaf":1,"minecraft:pink_shulker_box":5,"jeg:revolver":1,"minecraft:black_shulker_box":2,"minecraft:bucket":2,"minecraft:spruce_planks":16,"jeg:stun_grenade":16,"minecraft:redstone_torch":4,"minecraft:cobblestone_slab":1,"minecraft:player_head":83,"jeg:blossom_rifle":3,"minecraft:enchanted_golden_apple":61,"minecraft:blue_shulker_box":3,"jeg:semi_auto_rifle":2,"minecraft:lime_shulker_box":4,"minecraft:orange_shulker_box":5,"jeg:pistol_ammo":25,"jeg:bolt_action_rifle":2,"jeg:vertical_grip":1,"minecraft:magenta_shulker_box":6,"minecraft:cyan_shulker_box":6,"minecraft:prismarine_crystals":54,"minecraft:gray_shulker_box":3,"minecraft:red_shulker_box":2,"jeg:waterpipe_shotgun":2,"minecraft:brown_shulker_box":2,"jeg:rifle_ammo":238,"minecraft:white_shulker_box":6,"minecraft:cobblestone":1,"paraglider:paraglider":1,"minecraft:netherite_boots":1,"minecraft:yellow_shulker_box":4,"minecraft:iron_door":3,"minecraft:potato":2,"minecraft:filled_map":19,"minecraft:oak_log":8,"minecraft:cobblestone_stairs":1,"minecraft:green_shulker_box":2,"jeg:combat_rifle":8,"jeg:grenade":22,"jeg:molotov_cocktail":2,"minecraft:glass":1,"minecraft:stone_bricks":47,"minecraft:mossy_stone_bricks":64,"minecraft:glowstone_dust":9,"jeg:double_barrel_shotgun":4,"minecraft:stone_brick_slab":1,"minecraft:light_blue_shulker_box":4,"minecraft:shulker_box":4,"minecraft:sea_lantern":134,"jeg:handmade_shell":59,"minecraft:firework_rocket":148,"jeg:custom_smg":1,"minecraft:netherite_helmet":1,"jeg:holy_shotgun":1}},"DataVersion":2975}