{"stats":{"minecraft:dropped":{"jeg:assault_rifle":1,"jeg:waterpipe_shotgun":1},"minecraft:killed_by":{"minecraft:player":2},"minecraft:used":{"jeg:stun_grenade":9,"jeg:blossom_rifle":30,"jeg:waterpipe_shotgun":33,"jeg:custom_smg":24,"jeg:grenade":11,"jeg:molotov_cocktail":5,"minecraft:enchanted_golden_apple":4,"jeg:assault_rifle":186,"jeg:bolt_action_rifle":4},"minecraft:custom":{"minecraft:time_since_rest":8763,"minecraft:crouch_one_cm":1403,"minecraft:damage_absorbed":649,"minecraft:sprint_one_cm":13441,"minecraft:play_time":15983,"minecraft:damage_taken":2187,"minecraft:deaths":2,"minecraft:walk_one_cm":81902,"minecraft:sneak_time":242,"minecraft:drop":2,"minecraft:jump":243,"minecraft:damage_dealt":174,"minecraft:leave_game":3,"minecraft:time_since_death":8614,"minecraft:total_world_time":15983,"minecraft:damage_resisted":332,"minecraft:damage_dealt_absorbed":533,"minecraft:fall_one_cm":211,"minecraft:fly_one_cm":22083},"minecraft:picked_up":{"jeg:handmade_shell":43,"minecraft:netherite_boots":1,"jeg:spectre_ammo":64,"jeg:assault_rifle":2,"jeg:silencer":1,"jeg:pistol_ammo":192,"minecraft:netherite_helmet":1,"jeg:shotgun_shell":32,"jeg:waterpipe_shotgun":2,"jeg:rifle_ammo":192,"minecraft:enchanted_golden_apple":1,"minecraft:netherite_chestplate":1,"minecraft:netherite_leggings":1}},"DataVersion":2975}