{"stats":{"minecraft:dropped":{"jeg:waterpipe_shotgun":1},"minecraft:killed_by":{"minecraft:player":1},"minecraft:used":{"jeg:waterpipe_shotgun":20,"jeg:assault_rifle":9},"minecraft:custom":{"minecraft:jump":6,"minecraft:time_since_rest":2365,"minecraft:crouch_one_cm":1238,"minecraft:deaths":1,"minecraft:leave_game":2,"minecraft:play_time":4135,"minecraft:damage_taken":320,"minecraft:time_since_death":2317,"minecraft:walk_one_cm":4863,"minecraft:sneak_time":187,"minecraft:total_world_time":4135,"minecraft:drop":1,"minecraft:fly_one_cm":257},"minecraft:picked_up":{"jeg:waterpipe_shotgun":1}},"DataVersion":2975}