{"stats":{"minecraft:dropped":{"jeg:silencer":2,"jeg:assault_rifle":1,"jeg:waterpipe_shotgun":1,"jeg:scrap":1},"minecraft:broken":{"minecraft:netherite_helmet":1,"minecraft:netherite_chestplate":1,"minecraft:netherite_leggings":1,"minecraft:netherite_boots":1},"minecraft:killed_by":{"minecraft:player":6},"minecraft:used":{"jeg:stun_grenade":10,"jeg:assault_rifle":186,"jeg:pump_shotgun":1,"paraglider:goddess_statue":1,"jeg:revolver":17,"jeg:blossom_rifle":30,"jeg:waterpipe_shotgun":33,"jeg:custom_smg":255,"minecraft:enchanted_golden_apple":10,"jeg:molotov_cocktail":5,"jeg:grenade":11,"jeg:bolt_action_rifle":19},"minecraft:custom":{"minecraft:time_since_rest":951,"minecraft:walk_one_cm":133702,"minecraft:sprint_one_cm":31993,"minecraft:damage_taken":5390,"minecraft:damage_absorbed":1584,"minecraft:drop":5,"minecraft:damage_dealt":174,"minecraft:swim_one_cm":3890,"minecraft:damage_dealt_absorbed":1027,"minecraft:fly_one_cm":70622,"minecraft:crouch_one_cm":1725,"minecraft:play_time":33205,"minecraft:deaths":9,"minecraft:sneak_time":335,"minecraft:walk_under_water_one_cm":1877,"minecraft:jump":417,"minecraft:leave_game":4,"minecraft:walk_on_water_one_cm":802,"minecraft:time_since_death":923,"minecraft:damage_resisted":930,"minecraft:total_world_time":33205,"minecraft:fall_one_cm":12926},"minecraft:picked_up":{"paraglider:paraglider":1,"minecraft:netherite_boots":1,"jeg:assault_rifle":2,"jeg:silencer":2,"jeg:pistol_ammo":192,"jeg:scrap":2,"minecraft:netherite_leggings":1,"jeg:handmade_shell":43,"jeg:spectre_ammo":64,"jeg:revolver":1,"minecraft:netherite_helmet":1,"jeg:shotgun_shell":32,"jeg:waterpipe_shotgun":2,"jeg:rifle_ammo":192,"minecraft:netherite_chestplate":1,"minecraft:enchanted_golden_apple":1}},"DataVersion":2975}