{"stats":{"minecraft:dropped":{"jeg:silencer":2,"jeg:assault_rifle":1,"jeg:waterpipe_shotgun":1,"jeg:scrap":1},"minecraft:broken":{"minecraft:netherite_helmet":1,"minecraft:netherite_chestplate":1,"minecraft:netherite_leggings":1,"minecraft:netherite_boots":1},"minecraft:killed_by":{"minecraft:player":4},"minecraft:used":{"jeg:stun_grenade":9,"jeg:assault_rifle":186,"paraglider:goddess_statue":1,"jeg:blossom_rifle":30,"jeg:waterpipe_shotgun":33,"jeg:custom_smg":255,"minecraft:enchanted_golden_apple":10,"jeg:molotov_cocktail":5,"jeg:grenade":11,"jeg:bolt_action_rifle":19},"minecraft:custom":{"minecraft:time_since_rest":101,"minecraft:walk_one_cm":126125,"minecraft:sprint_one_cm":27046,"minecraft:damage_taken":4905,"minecraft:damage_absorbed":1584,"minecraft:drop":5,"minecraft:damage_dealt":174,"minecraft:swim_one_cm":3890,"minecraft:damage_dealt_absorbed":1027,"minecraft:fly_one_cm":62057,"minecraft:crouch_one_cm":1611,"minecraft:play_time":27983,"minecraft:deaths":7,"minecraft:sneak_time":323,"minecraft:walk_under_water_one_cm":1877,"minecraft:jump":383,"minecraft:leave_game":3,"minecraft:walk_on_water_one_cm":802,"minecraft:time_since_death":75,"minecraft:damage_resisted":930,"minecraft:total_world_time":27983,"minecraft:fall_one_cm":12926},"minecraft:picked_up":{"paraglider:paraglider":1,"minecraft:netherite_boots":1,"jeg:assault_rifle":2,"jeg:silencer":2,"jeg:pistol_ammo":192,"jeg:scrap":2,"minecraft:netherite_leggings":1,"jeg:handmade_shell":43,"jeg:spectre_ammo":64,"minecraft:netherite_helmet":1,"jeg:shotgun_shell":32,"jeg:waterpipe_shotgun":2,"jeg:rifle_ammo":192,"minecraft:netherite_chestplate":1,"minecraft:enchanted_golden_apple":1}},"DataVersion":2975}