{"stat.beaconInteraction":2,"stat.useItem.minecraft.quartz_block":1957,"stat.useItem.minecraft.painting":234,"stat.killEntity.EntityHorse":25,"stat.pickup.minecraft.wooden_slab":87,"stat.leaveGame":124,"stat.drop.minecraft.redstone":1,"stat.useItem.minecraft.glowstone":268,"stat.drop.minecraft.feather":3,"stat.drop.minecraft.iron_sword":1,"stat.drop.minecraft.redstone_torch":2,"stat.pickup.minecraft.rotten_flesh":785,"stat.useItem.minecraft.diamond_hoe":239,"stat.useItem.minecraft.sandstone_stairs":177,"stat.pickup.minecraft.brick_block":2,"stat.useItem.minecraft.activator_rail":4,"stat.useItem.minecraft.vine":84,"stat.drop.minecraft.brick_block":7,"stat.useItem.minecraft.purpur_stairs":21,"stat.pickup.minecraft.cobblestone_wall":3,"stat.pickup.minecraft.bucket":12,"stat.useItem.minecraft.rail":14,"stat.pickup.minecraft.leather_boots":4,"stat.useItem.minecraft.anvil":197,"stat.pickup.minecraft.brown_mushroom":34,"stat.drop.minecraft.sand":5,"stat.drop.minecraft.sandstone_stairs":1,"stat.pickup.minecraft.stained_hardened_clay":423,"stat.pickup.minecraft.double_plant":306,"stat.useItem.minecraft.hardened_clay":1089,"stat.pickup.minecraft.record_far":1,"stat.pickup.minecraft.wooden_shovel":2,"stat.drop.minecraft.gravel":6,"stat.furnaceInteraction":16,"stat.useItem.minecraft.pumpkin_seeds":2,"stat.pickup.minecraft.nether_brick":18,"stat.drop.minecraft.red_flower":333,"stat.craftItem.minecraft.leather_helmet":2,"stat.useItem.minecraft.end_stone":21,"stat.useItem.minecraft.double_plant":1034,"stat.pickup.minecraft.beef":26,"stat.drop.minecraft.cactus":1,"stat.useItem.minecraft.red_sandstone":137,"stat.pickup.minecraft.leather_helmet":12,"stat.pickup.minecraft.cauldron":1,"stat.useItem.minecraft.trapdoor":3425,"stat.useItem.minecraft.stained_glass":107,"stat.useItem.minecraft.fence":639,"stat.drop.minecraft.stone_pressure_plate":1,"stat.useItem.minecraft.dark_oak_door":186,"stat.useItem.minecraft.acacia_fence":27,"stat.useItem.minecraft.ice":81,"achievement.openInventory":4708,"stat.pickup.minecraft.potion":58,"stat.useItem.minecraft.cauldron":120,"stat.useItem.minecraft.flint_and_steel":5,"stat.useItem.minecraft.wheat_seeds":140,"stat.useItem.minecraft.wooden_button":16,"stat.pickup.minecraft.emerald":223,"stat.useItem.minecraft.dye":778,"stat.pickup.minecraft.lever":25,"stat.deaths":27,"stat.pickup.minecraft.egg":8,"stat.useItem.minecraft.nether_brick":338,"stat.pickup.minecraft.item_frame":135,"stat.pickup.minecraft.sea_lantern":40,"stat.drop.minecraft.glass_bottle":2,"stat.useItem.minecraft.jukebox":5,"stat.pickup.minecraft.cooked_mutton":1,"stat.chestOpened":198,"stat.useItem.minecraft.splash_potion":13,"stat.useItem.minecraft.stone":7071,"stat.useItem.minecraft.jungle_fence":1,"stat.pickup.minecraft.iron_sword":10,"stat.pickup.minecraft.arrow":1387,"stat.pickup.minecraft.wooden_pressure_plate":6,"stat.useItem.minecraft.ender_chest":129,"stat.pickup.minecraft.lapis_ore":1,"stat.pickup.minecraft.gold_nugget":410,"stat.drop.minecraft.dark_oak_stairs":2,"stat.pickup.minecraft.carrot":35,"stat.crouchOneCm":3543293,"stat.pickup.minecraft.rail":10,"stat.pickup.minecraft.painting":16,"stat.pickup.minecraft.ender_chest":1,"stat.craftingTableInteraction":13,"stat.pickup.minecraft.repeater":32,"stat.pickup.minecraft.mushroom_stew":1,"stat.drop.minecraft.double_plant":20,"stat.useItem.minecraft.dark_oak_fence":868,"stat.pickup.minecraft.dye":834,"stat.pickup.minecraft.planks":553,"stat.drop.minecraft.jungle_fence":1,"stat.pickup.minecraft.wheat_seeds":818,"stat.drop.minecraft.spruce_fence":1,"stat.useItem.minecraft.enchanting_table":82,"stat.drop.minecraft.carpet":4,"stat.pickup.minecraft.ice":2,"stat.pickup.minecraft.poisonous_potato":1,"stat.flowerPotted":935,"stat.drop.minecraft.paper":48,"stat.pickup.minecraft.brewing_stand":47,"stat.drop.minecraft.rotten_flesh":1,"stat.useItem.minecraft.cobblestone":881,"stat.craftItem.minecraft.leather_boots":2,"stat.useItem.minecraft.gravel":3295,"stat.useItem.minecraft.golden_hoe":50,"stat.drop.minecraft.chicken":2,"stat.useItem.minecraft.yellow_flower":1,"stat.drop.minecraft.sapling":5,"stat.pickup.minecraft.chicken":39,"stat.drop.minecraft.brick_stairs":8,"stat.useItem.minecraft.tallgrass":46,"stat.pickup.minecraft.apple":8,"stat.pickup.minecraft.banner":117,"stat.useItem.minecraft.glass_pane":67,"stat.pickup.minecraft.end_stone":19,"stat.useItem.minecraft.iron_sword":4,"stat.itemEnchanted":2,"stat.pickup.minecraft.stone_sword":4,"stat.useItem.minecraft.daylight_detector":19,"stat.useItem.minecraft.stonebrick":6334,"stat.pickup.minecraft.book":25,"stat.useItem.minecraft.wooden_door":49,"stat.useItem.minecraft.monster_egg":34,"stat.useItem.minecraft.spruce_door":35,"stat.pickup.minecraft.iron_door":16,"stat.pickup.minecraft.red_flower":820,"stat.pickup.minecraft.wool":209,"stat.drop.minecraft.sea_lantern":68,"stat.pickup.minecraft.cooked_fish":2,"stat.useItem.minecraft.wooden_axe":102,"stat.drop.minecraft.grass":134,"stat.pickup.minecraft.tripwire_hook":5,"stat.pickup.minecraft.bookshelf":2,"stat.pickup.minecraft.stone_pickaxe":5,"stat.pickup.minecraft.flint":133,"stat.useItem.minecraft.skull":123,"stat.pickup.minecraft.leather_chestplate":4,"stat.pickup.minecraft.flower_pot":30,"stat.drop.minecraft.end_bricks":1,"stat.useItem.minecraft.snow":74,"stat.pickup.minecraft.enchanted_book":17,"stat.drop.minecraft.cobblestone":1,"stat.pickup.minecraft.cooked_porkchop":2,"stat.useItem.minecraft.coal_block":56,"stat.pickup.minecraft.writable_book":8,"stat.useItem.minecraft.obsidian":10,"stat.useItem.minecraft.stone_slab2":11,"stat.pickup.minecraft.bow":20,"stat.pickup.minecraft.iron_boots":2,"stat.useItem.minecraft.egg":7,"stat.pickup.minecraft.pumpkin_pie":1,"stat.pickup.minecraft.nether_wart_block":1,"stat.pickup.minecraft.coal_ore":9,"stat.pickup.minecraft.shears":3,"stat.drop.minecraft.quartz_stairs":2,"stat.pickup.minecraft.diamond_leggings":1,"stat.useItem.minecraft.brick_block":5166,"stat.flyOneCm":65804623,"stat.pickup.minecraft.sandstone":411,"stat.pickup.minecraft.nether_brick_stairs":8,"stat.pickup.minecraft.fish":21,"stat.timeSinceDeath":284,"stat.cauldronFilled":7,"stat.useItem.minecraft.wooden_slab":3887,"stat.useItem.minecraft.iron_door":92,"stat.useItem.minecraft.potato":22,"stat.pickup.minecraft.chainmail_helmet":4,"stat.pickup.minecraft.nether_wart":55,"stat.pickup.minecraft.spruce_fence":3,"stat.killEntity.Wolf":1,"stat.drop.minecraft.wool":64,"stat.useItem.minecraft.armor_stand":34,"stat.pickup.minecraft.wooden_sword":2,"stat.drop.minecraft.ender_chest":1,"stat.pickup.minecraft.string":153,"stat.useItem.minecraft.milk_bucket":5,"stat.pickup.minecraft.birch_stairs":18,"stat.killEntity.Squid":11,"stat.useItem.minecraft.dropper":8,"stat.sprintOneCm":6233910,"stat.useItem.minecraft.diamond_block":8,"stat.useItem.minecraft.hay_block":50,"stat.drop.minecraft.dark_oak_door":3,"stat.drop.minecraft.cauldron":2,"stat.drop.minecraft.lava_bucket":1,"stat.pickup.minecraft.leather_leggings":11,"stat.pickup.minecraft.sugar":632,"stat.craftItem.minecraft.leather_chestplate":2,"stat.useItem.minecraft.cake":20,"stat.useItem.minecraft.banner":43,"stat.useItem.minecraft.ladder":145,"stat.killEntity.Zombie":10,"stat.pickup.minecraft.snowball":67,"stat.useItem.minecraft.birch_stairs":966,"stat.diveOneCm":5505988,"stat.pickup.minecraft.wheat":113,"stat.useItem.minecraft.sticky_piston":28,"stat.drop.minecraft.stone_stairs":1,"stat.pickup.minecraft.sign":127,"stat.pickup.minecraft.stone_axe":2,"stat.pickup.minecraft.obsidian":5,"stat.pickup.minecraft.stained_glass_pane":106,"stat.useItem.minecraft.heavy_weighted_pressure_plate":23,"stat.drop.minecraft.sandstone":2,"stat.jump":21523,"stat.useItem.minecraft.sand":682,"stat.useItem.minecraft.iron_trapdoor":224,"stat.pickup.minecraft.coal":252,"stat.pickup.minecraft.iron_ingot":1,"stat.useItem.minecraft.dark_oak_boat":1,"stat.pickup.minecraft.gunpowder":141,"stat.pickup.minecraft.dirt":686,"stat.useItem.minecraft.coal_ore":1,"stat.drop.minecraft.glowstone":1,"stat.useItem.minecraft.glass":157,"stat.useItem.minecraft.dispenser":6,"stat.pickup.minecraft.stone_shovel":7,"stat.useItem.minecraft.sapling":49,"stat.pickup.minecraft.gold_ore":3,"stat.pickup.minecraft.red_sandstone":1,"stat.pickup.minecraft.iron_axe":7,"stat.pickup.minecraft.cookie":1,"stat.damageTaken":5122,"stat.useItem.minecraft.stone_brick_stairs":3048,"stat.useItem.minecraft.end_crystal":24,"stat.pickup.minecraft.written_book":17,"stat.useItem.minecraft.gold_block":7,"stat.useItem.minecraft.acacia_door":7,"stat.pickup.minecraft.ender_eye":64,"stat.noteblockTuned":1,"stat.useItem.minecraft.slime":64,"stat.pickup.minecraft.bed":18,"stat.useItem.minecraft.birch_fence":151,"stat.pickup.minecraft.quartz_block":69,"stat.pickup.minecraft.potato":10,"stat.pickup.minecraft.rabbit_hide":56,"stat.pickup.minecraft.diamond_axe":4,"stat.useItem.minecraft.command_block":25,"stat.animalsBred":2,"stat.useItem.minecraft.chest":1999,"stat.drop.minecraft.item_frame":15,"stat.pickup.minecraft.diamond_pickaxe":3,"stat.useItem.minecraft.pumpkin":14,"stat.useItem.minecraft.lava_bucket":44,"stat.useItem.minecraft.gold_ore":8,"stat.pickup.minecraft.rabbit_foot":4,"stat.useItem.minecraft.item_frame":83,"stat.pickup.minecraft.baked_potato":3,"stat.useItem.minecraft.stained_hardened_clay":6548,"stat.drop.minecraft.egg":1,"stat.drop.minecraft.wooden_slab":68,"stat.useItem.minecraft.redstone_ore":66,"stat.pickup.minecraft.ladder":26,"stat.pickup.minecraft.cooked_beef":2,"stat.drop.minecraft.nether_brick":2,"stat.useItem.minecraft.tripwire_hook":11,"stat.pickup.minecraft.dark_oak_stairs":138,"stat.mobKills":138,"stat.pickup.minecraft.diamond_boots":2,"stat.useItem.minecraft.mossy_cobblestone":278,"stat.useItem.minecraft.cobblestone_wall":1142,"stat.pickup.minecraft.diamond":67,"stat.pickup.minecraft.torch":262,"stat.drop.minecraft.quartz_block":65,"stat.useItem.minecraft.purpur_slab":9,"stat.drop.minecraft.arrow":60,"stat.craftItem.minecraft.map":2,"stat.useItem.minecraft.string":29,"stat.useItem.minecraft.end_bricks":123,"stat.pickup.minecraft.deadbush":3,"stat.useItem.minecraft.bookshelf":4336,"stat.pickup.minecraft.lapis_block":15,"stat.drop.minecraft.trapdoor":5,"stat.useItem.minecraft.planks":3304,"stat.useItem.minecraft.nether_brick_stairs":833,"stat.pickup.minecraft.golden_boots":4,"stat.useItem.minecraft.fire_charge":4,"stat.pickup.minecraft.porkchop":36,"stat.pickup.minecraft.glass":1,"stat.useItem.minecraft.red_sandstone_stairs":92,"stat.useItem.minecraft.water_bucket":745,"stat.pickup.minecraft.sand":158,"stat.pickup.minecraft.hardened_clay":8,"stat.useItem.minecraft.red_nether_brick":9,"stat.pickup.minecraft.name_tag":2,"stat.drop.minecraft.hardened_clay":2,"stat.pickup.minecraft.activator_rail":16,"stat.aviateOneCm":305012,"stat.useItem.minecraft.brown_mushroom":5,"stat.useItem.minecraft.ender_pearl":19,"stat.pickup.minecraft.chainmail_chestplate":4,"stat.hopperInspected":1,"stat.useItem.minecraft.fence_gate":12,"stat.useItem.minecraft.spawn_egg":100,"stat.pickup.minecraft.packed_ice":56,"stat.pickup.minecraft.armor_stand":1,"stat.trappedChestTriggered":122,"stat.useItem.minecraft.oak_stairs":961,"stat.useItem.minecraft.dark_oak_stairs":2736,"stat.pickup.minecraft.wooden_button":1,"stat.drop.minecraft.stone_slab":75,"stat.pickup.minecraft.fence_gate":45,"stat.pickup.minecraft.filled_map":101,"stat.pickup.minecraft.furnace":10,"stat.useItem.minecraft.redstone":62,"stat.drop.minecraft.stained_hardened_clay":5,"achievement.mineWood":7,"stat.pickup.minecraft.iron_chestplate":2,"stat.useItem.minecraft.stone_stairs":441,"stat.pickup.minecraft.skull":217,"stat.pickup.minecraft.acacia_door":2,"stat.pickup.minecraft.stone_stairs":27,"stat.pickup.minecraft.pumpkin_seeds":133,"stat.useItem.minecraft.hopper":33,"stat.pickup.minecraft.saddle":6,"stat.drop.minecraft.golden_carrot":1,"stat.useItem.minecraft.furnace_minecart":1,"stat.playOneMinute":10304249,"stat.pickup.minecraft.birch_door":15,"stat.pickup.minecraft.blaze_rod":134,"stat.useItem.minecraft.jungle_stairs":344,"stat.pickup.minecraft.diamond_block":1,"stat.pickup.minecraft.beacon":2,"stat.pickup.minecraft.netherrack":30,"stat.pickup.minecraft.pumpkin":4,"stat.pickup.minecraft.spruce_door":6,"stat.recordPlayed":1,"stat.useItem.minecraft.sponge":250,"stat.pickup.minecraft.waterlily":85,"stat.pickup.minecraft.detector_rail":4,"stat.pickup.minecraft.brick_stairs":1,"stat.pickup.minecraft.cooked_chicken":2,"stat.fallOneCm":103363,"stat.drop.minecraft.stone":138,"stat.drop.minecraft.dye":10,"stat.useItem.minecraft.trapped_chest":306,"stat.pickup.minecraft.dropper":7,"stat.useItem.minecraft.nether_brick_fence":57,"stat.pickup.minecraft.golden_leggings":7,"stat.pickup.minecraft.melon":22,"stat.useItem.minecraft.iron_hoe":4,"stat.drop.minecraft.stained_glass_pane":134,"stat.drop.minecraft.milk_bucket":2,"stat.dropperInspected":2,"stat.pickup.minecraft.heavy_weighted_pressure_plate":1,"stat.pickup.minecraft.feather":40,"stat.pickup.minecraft.record_cat":4,"stat.useItem.minecraft.furnace":480,"stat.pickup.minecraft.iron_leggings":4,"stat.pickup.minecraft.lead":35,"stat.useItem.minecraft.stone_sword":11,"stat.killEntity.Rabbit":18,"stat.useItem.minecraft.wool":1175,"stat.drop.minecraft.stick":64,"stat.useItem.minecraft.iron_bars":1253,"stat.pickup.minecraft.record_13":3,"stat.useItem.minecraft.bone_block":467,"stat.useItem.minecraft.torch":311,"stat.pickup.minecraft.golden_apple":39,"stat.drop.minecraft.stone_brick_stairs":66,"stat.useItem.minecraft.log":950,"stat.drop.minecraft.end_stone":1,"stat.pickup.minecraft.iron_hoe":1,"stat.pickup.minecraft.log":116,"stat.useItem.minecraft.nether_wart_block":22,"stat.drop.minecraft.sign":1,"stat.pickup.minecraft.compass":1,"stat.drop.minecraft.stonebrick":7,"stat.pickup.minecraft.tallgrass":4,"stat.drop.minecraft.planks":12,"stat.pickup.minecraft.web":63,"stat.pickup.minecraft.chainmail_leggings":5,"stat.pickup.minecraft.sapling":266,"stat.pickup.minecraft.wooden_door":2,"stat.useItem.minecraft.birch_door":59,"stat.pickup.minecraft.diamond_helmet":2,"stat.useItem.minecraft.jungle_door":4,"stat.drop.minecraft.cake":1,"stat.useItem.minecraft.beetroot_seeds":3,"stat.sneakTime":1033421,"stat.pickup.minecraft.rabbit":11,"stat.pickup.minecraft.rabbit_stew":1,"stat.drop.minecraft.yellow_flower":78,"stat.pickup.minecraft.stone_slab":542,"stat.useItem.minecraft.brewing_stand":15,"stat.pickup.minecraft.yellow_flower":130,"stat.pickup.minecraft.golden_rail":22,"stat.drop.minecraft.wooden_axe":1,"stat.pickup.minecraft.chest":23,"stat.useItem.minecraft.web":134,"stat.useItem.minecraft.brick_stairs":3434,"stat.craftItem.minecraft.leather_leggings":2,"stat.useItem.minecraft.lapis_block":1,"stat.pickup.minecraft.bone":1879,"stat.pickup.minecraft.redstone_torch":14,"stat.pickup.minecraft.stone_pressure_plate":13,"stat.horseOneCm":15472,"stat.useItem.minecraft.repeater":23,"stat.pickup.minecraft.record_blocks":1,"stat.useItem.minecraft.log2":2214,"stat.drop.minecraft.mossy_cobblestone":1,"stat.useItem.minecraft.diamond_sword":115,"stat.swimOneCm":2264972,"stat.climbOneCm":100133,"stat.enderchestOpened":15,"stat.useItem.minecraft.dirt":3941,"stat.pickup.minecraft.golden_helmet":11,"achievement.exploreAllBiomes":{"value":0,"progress":["Deep Ocean"]},"stat.useItem.minecraft.red_flower":18,"stat.pickup.minecraft.cooked_rabbit":1,"stat.drop.minecraft.web":11,"stat.useItem.minecraft.leaves2":13,"stat.useItem.minecraft.iron_ore":25,"stat.pickup.minecraft.cobblestone":2069,"stat.drop.minecraft.fence":2,"stat.pickup.minecraft.glass_bottle":14,"stat.pickup.minecraft.soul_sand":16,"stat.useItem.minecraft.red_mushroom":2,"stat.drop.minecraft.wheat_seeds":3,"stat.pickup.minecraft.cactus":11,"stat.pickup.minecraft.redstone":206,"stat.drop.minecraft.log":1,"stat.useItem.minecraft.sign":66,"stat.pickup.minecraft.mutton":32,"stat.pickup.minecraft.mossy_cobblestone":1,"stat.useItem.minecraft.noteblock":1,"stat.useItem.minecraft.lever":45,"stat.pickup.minecraft.cake":35,"stat.pickup.minecraft.wooden_axe":5,"stat.drop.minecraft.iron_bars":2,"stat.pickup.minecraft.dark_oak_door":95,"stat.pickup.minecraft.stonebrick":518,"stat.drop.minecraft.mycelium":1,"stat.drop.minecraft.dirt":2,"stat.pickup.minecraft.iron_shovel":7,"stat.pickup.minecraft.carpet":233,"stat.pickup.minecraft.trapdoor":148,"stat.useItem.minecraft.acacia_stairs":476,"stat.pickup.minecraft.diamond_shovel":1,"stat.useItem.minecraft.sea_lantern":2569,"stat.useItem.minecraft.golden_axe":2,"stat.pickup.minecraft.nether_star":128,"stat.useItem.minecraft.spruce_fence":82,"stat.pickup.minecraft.paper":4,"stat.drop.minecraft.potion":3,"stat.useItem.minecraft.stone_slab":6040,"stat.useItem.minecraft.bed":241,"stat.pickup.minecraft.grass":217,"stat.useItem.minecraft.stone_pressure_plate":13,"stat.drop.minecraft.leaves":6,"stat.useItem.minecraft.carrot":27,"stat.pickup.minecraft.diamond_chestplate":6,"stat.useItem.minecraft.bucket":2,"stat.drop":252,"stat.pickup.minecraft.stone_button":4,"stat.killEntity.Sheep":20,"stat.useItem.minecraft.purpur_block":15,"stat.pickup.minecraft.golden_chestplate":3,"stat.useItem.minecraft.melon_seeds":3,"stat.drop.minecraft.flower_pot":71,"stat.useItem.minecraft.record_wait":1,"stat.useItem.minecraft.quartz_stairs":1463,"stat.pickup.minecraft.gravel":794,"stat.useItem.minecraft.diamond_axe":25,"stat.useItem.minecraft.waterlily":93,"stat.useItem.minecraft.carpet":3646,"stat.useItem.minecraft.potion":105,"stat.useItem.minecraft.stained_glass_pane":1275,"stat.pickup.minecraft.stone_brick_stairs":1,"stat.pickup.minecraft.diamond_sword":2,"stat.useItem.minecraft.flower_pot":993,"stat.useItem.minecraft.bedrock":181,"stat.useItem.minecraft.wooden_hoe":23,"stat.pickup.minecraft.fence":120,"stat.pickup.minecraft.iron_helmet":3,"stat.useItem.minecraft.stone_axe":10,"stat.useItem.minecraft.piston":534,"stat.pickup.minecraft.spider_eye":69,"stat.useItem.minecraft.stone_button":54,"stat.drop.minecraft.piston":1,"stat.drop.minecraft.bed":2,"stat.drop.minecraft.glass":1,"stat.pickup.minecraft.iron_ore":40,"stat.useItem.minecraft.redstone_lamp":13,"stat.pickup.minecraft.leaves":113,"stat.pickup.minecraft.leather":141,"stat.dispenserInspected":5,"stat.drop.minecraft.stone_button":65,"stat.drop.minecraft.water_bucket":2,"stat.drop.minecraft.red_sandstone":1,"stat.pickup.minecraft.reeds":20,"stat.pickup.minecraft.prismarine_crystals":4,"stat.useItem.minecraft.magma":4,"stat.pickup.minecraft.oak_stairs":1,"stat.pickup.minecraft.stained_glass":32,"stat.damageDealt":13855,"stat.drop.minecraft.rabbit_foot":1,"stat.sleepInBed":4,"stat.killEntity.Cow":11,"stat.useItem.minecraft.crafting_table":307,"stat.pickup.minecraft.minecart":1,"stat.killEntity.Pig":17,"stat.pickup.minecraft.piston":29,"stat.pickup.minecraft.boat":2,"stat.walkOneCm":18227090,"stat.pickup.minecraft.stick":66,"stat.drop.minecraft.vine":1,"stat.useItem.minecraft.dark_oak_fence_gate":15,"stat.useItem.minecraft.emerald_block":24,"stat.drop.minecraft.diamond_axe":1,"stat.useItem.minecraft.redstone_block":153,"stat.useItem.minecraft.spruce_stairs":844,"stat.pickup.minecraft.stone":685,"stat.useItem.minecraft.leaves":1486,"stat.drop.minecraft.command_block":1,"stat.pickup.minecraft.gold_ingot":284,"stat.useItem.minecraft.prismarine":50,"stat.pickup.minecraft.record_mall":1,"stat.killEntity.Chicken":24,"stat.pickup.minecraft.netherbrick":1,"stat.useItem.minecraft.iron_block":192,"stat.pickup.minecraft.bread":3,"stat.drop.minecraft.filled_map":10,"stat.pickup.minecraft.quartz":55,"stat.pickup.minecraft.birch_fence":7,"stat.pickup.minecraft.water_bucket":1,"stat.useItem.minecraft.hopper_minecart":1,"stat.pickup.minecraft.lava_bucket":2,"stat.useItem.minecraft.map":24,"stat.useItem.minecraft.sandstone":336}