{"stats":{"minecraft:custom":{"minecraft:time_since_rest":15433,"minecraft:sprint_one_cm":94365,"minecraft:damage_taken":225,"minecraft:walk_one_cm":66885,"minecraft:trigger_trapped_chest":2,"minecraft:mob_kills":23,"minecraft:drop":9,"minecraft:swim_one_cm":1690,"minecraft:fly_one_cm":464409,"minecraft:open_chest":1,"minecraft:crouch_one_cm":731,"minecraft:play_time":62131,"minecraft:deaths":1,"minecraft:sneak_time":1907,"minecraft:walk_under_water_one_cm":18790,"minecraft:jump":328,"minecraft:time_since_death":15400,"minecraft:walk_on_water_one_cm":6667,"minecraft:leave_game":2,"minecraft:total_world_time":62924},"minecraft:killed_by":{"minecraft:vindicator":1},"minecraft:dropped":{"jeg:revolver":1,"jeg:silencer":1,"minecraft:smooth_stone_slab":1,"jeg:assault_rifle":1,"jeg:waterpipe_shotgun":1,"jeg:bolt_action_rifle":1,"minecraft:prismarine_bricks":1,"jeg:combat_rifle":1,"paraglider:paraglider":1},"minecraft:picked_up":{"paraglider:paraglider":1,"jeg:assault_rifle":1,"jeg:silencer":1,"minecraft:leather":1,"jeg:bolt_action_rifle":1,"minecraft:prismarine_bricks":1,"minecraft:prismarine_crystals":19,"jeg:combat_rifle":1,"jeg:revolver":1,"jeg:waterpipe_shotgun":1,"minecraft:beef":3,"minecraft:saddle":3,"minecraft:emerald":2,"minecraft:cod":2},"minecraft:killed":{"minecraft:zombie":1,"minecraft:spider":1,"minecraft:vindicator":2,"minecraft:iron_golem":1,"minecraft:cod":14,"minecraft:ravager":3,"minecraft:cow":1},"minecraft:used":{"minecraft:sea_lantern":22,"minecraft:cow_spawn_egg":1,"jeg:combat_rifle":254,"minecraft:polished_andesite":3,"jeg:holy_shotgun":16,"jeg:assault_rifle":134,"minecraft:vindicator_spawn_egg":7,"jeg:gunnite_workbench":1,"minecraft:prismarine_bricks":4,"minecraft:brick_slab":1,"jeg:revolver":78,"minecraft:smooth_stone_slab":7,"jeg:waterpipe_shotgun":72,"jeg:bolt_action_rifle":26}},"DataVersion":2975}