{"stats":{"minecraft:used":{"minecraft:firework_rocket":21,"jeg:combat_rifle":275,"minecraft:elytra":1,"jeg:holy_shotgun":7,"jeg:assault_rifle":138,"jeg:double_barrel_shotgun":23,"paraglider:goddess_statue":1,"minecraft:cobblestone":1,"jeg:gunnite_workbench":1,"minecraft:prismarine_bricks":4,"minecraft:brick_slab":1,"jeg:revolver":66,"minecraft:smooth_stone_slab":7,"jeg:waterpipe_shotgun":65,"jeg:bolt_action_rifle":40},"minecraft:picked_up":{"jeg:silencer":1,"minecraft:prismarine_crystals":9,"minecraft:firework_rocket":19,"minecraft:saddle":3,"paraglider:stamina_vessel":1,"minecraft:cod":3,"minecraft:cobblestone":1},"minecraft:custom":{"minecraft:time_since_rest":33542,"minecraft:sprint_one_cm":104746,"minecraft:damage_taken":2420,"minecraft:walk_one_cm":86790,"minecraft:trigger_trapped_chest":2,"minecraft:mob_kills":16,"minecraft:drop":23,"minecraft:swim_one_cm":4197,"minecraft:tune_noteblock":2,"minecraft:fly_one_cm":543985,"minecraft:open_chest":1,"minecraft:crouch_one_cm":959,"minecraft:play_time":99007,"minecraft:deaths":2,"minecraft:sneak_time":2365,"minecraft:walk_under_water_one_cm":25636,"minecraft:aviate_one_cm":42448,"minecraft:jump":491,"minecraft:time_since_death":33455,"minecraft:walk_on_water_one_cm":15303,"minecraft:leave_game":1,"minecraft:climb_one_cm":418,"minecraft:total_world_time":99800,"minecraft:fall_one_cm":1093},"minecraft:dropped":{"jeg:silencer":1,"minecraft:smooth_stone_slab":1,"paraglider:stamina_vessel":1,"minecraft:cobblestone":1,"minecraft:firework_rocket":19},"minecraft:killed":{"minecraft:iron_golem":1,"minecraft:cod":10,"minecraft:dolphin":1,"minecraft:ravager":3,"minecraft:squid":1}},"DataVersion":2975}