{"stats":{"minecraft:used":{"minecraft:firework_rocket":21,"jeg:combat_rifle":309,"minecraft:elytra":1,"minecraft:spruce_planks":1,"jeg:holy_shotgun":7,"jeg:assault_rifle":159,"jeg:double_barrel_shotgun":23,"paraglider:goddess_statue":1,"minecraft:cobblestone":1,"jeg:gunnite_workbench":1,"minecraft:prismarine_bricks":4,"minecraft:brick_slab":1,"jeg:revolver":66,"minecraft:smooth_stone_slab":7,"jeg:waterpipe_shotgun":65,"jeg:bolt_action_rifle":51},"minecraft:picked_up":{"jeg:silencer":1,"minecraft:spruce_door":1,"minecraft:prismarine_crystals":9,"jeg:combat_rifle":1,"minecraft:firework_rocket":19,"minecraft:saddle":3,"paraglider:stamina_vessel":1,"minecraft:cod":3,"minecraft:cobblestone":1},"minecraft:custom":{"minecraft:time_since_rest":44583,"minecraft:sprint_one_cm":109934,"minecraft:damage_taken":2420,"minecraft:walk_one_cm":91363,"minecraft:trigger_trapped_chest":2,"minecraft:mob_kills":16,"minecraft:drop":24,"minecraft:swim_one_cm":4197,"minecraft:tune_noteblock":2,"minecraft:fly_one_cm":560043,"minecraft:open_chest":1,"minecraft:crouch_one_cm":2312,"minecraft:play_time":110048,"minecraft:deaths":2,"minecraft:sneak_time":2819,"minecraft:walk_under_water_one_cm":25636,"minecraft:aviate_one_cm":42448,"minecraft:jump":521,"minecraft:time_since_death":44496,"minecraft:walk_on_water_one_cm":15303,"minecraft:leave_game":2,"minecraft:climb_one_cm":418,"minecraft:total_world_time":110841,"minecraft:fall_one_cm":1093},"minecraft:dropped":{"jeg:silencer":1,"minecraft:smooth_stone_slab":1,"paraglider:stamina_vessel":1,"minecraft:cobblestone":1,"jeg:combat_rifle":1,"minecraft:firework_rocket":19},"minecraft:killed":{"minecraft:iron_golem":1,"minecraft:cod":10,"minecraft:dolphin":1,"minecraft:ravager":3,"minecraft:squid":1}},"DataVersion":2975}