{"stats":{"minecraft:picked_up":{"minecraft:leather":1,"minecraft:gravel":2,"minecraft:dirt":16},"minecraft:killed_by":{"minecraft:skeleton":1,"minecraft:zombie":1},"minecraft:dropped":{"minecraft:dirt":4,"minecraft:leather":1},"minecraft:custom":{"minecraft:time_since_rest":458,"minecraft:play_time":12622,"minecraft:crouch_one_cm":1046,"minecraft:sprint_one_cm":13635,"minecraft:deaths":2,"minecraft:damage_taken":475,"minecraft:walk_one_cm":14590,"minecraft:sneak_time":456,"minecraft:walk_under_water_one_cm":621,"minecraft:mob_kills":1,"minecraft:drop":5,"minecraft:jump":138,"minecraft:damage_dealt":463,"minecraft:leave_game":1,"minecraft:walk_on_water_one_cm":2761,"minecraft:time_since_death":0,"minecraft:total_world_time":12622,"minecraft:climb_one_cm":354,"minecraft:fly_one_cm":16521,"minecraft:fall_one_cm":5376,"minecraft:horse_one_cm":2153},"minecraft:used":{"minecraft:dirt":12,"minecraft:gravel":2},"minecraft:killed":{"minecraft:horse":1},"minecraft:mined":{"minecraft:grass":9,"minecraft:grass_block":9,"minecraft:gravel":2,"minecraft:dirt":3,"minecraft:oak_leaves":1}},"DataVersion":2975}