{"stats":{"minecraft:custom":{"minecraft:open_chest":1,"minecraft:time_since_rest":33965,"minecraft:crouch_one_cm":401,"minecraft:play_time":33965,"minecraft:sprint_one_cm":73972,"minecraft:walk_one_cm":52416,"minecraft:sneak_time":1237,"minecraft:trigger_trapped_chest":2,"minecraft:walk_under_water_one_cm":18790,"minecraft:mob_kills":12,"minecraft:drop":2,"minecraft:jump":254,"minecraft:leave_game":1,"minecraft:time_since_death":33965,"minecraft:walk_on_water_one_cm":6667,"minecraft:total_world_time":34758,"minecraft:swim_one_cm":1690,"minecraft:fly_one_cm":308091},"minecraft:picked_up":{"jeg:silencer":1,"minecraft:saddle":3,"minecraft:cod":2},"minecraft:dropped":{"jeg:silencer":1,"minecraft:smooth_stone_slab":1},"minecraft:killed":{"minecraft:iron_golem":1,"minecraft:cod":8,"minecraft:ravager":3},"minecraft:used":{"jeg:combat_rifle":157,"jeg:gunnite_workbench":1,"minecraft:prismarine_bricks":4,"minecraft:brick_slab":1,"jeg:revolver":58,"minecraft:smooth_stone_slab":7,"jeg:waterpipe_shotgun":53,"jeg:assault_rifle":73,"jeg:bolt_action_rifle":13}},"DataVersion":2975}