{"stats":{"minecraft:custom":{"minecraft:jump":17,"minecraft:time_since_rest":5825,"minecraft:crouch_one_cm":349,"minecraft:sprint_one_cm":3584,"minecraft:play_time":5825,"minecraft:damage_taken":10,"minecraft:time_since_death":5825,"minecraft:walk_one_cm":3749,"minecraft:sneak_time":63,"minecraft:total_world_time":5825,"minecraft:fall_one_cm":811,"minecraft:fly_one_cm":3070},"minecraft:used":{"jeg:waterpipe_shotgun":1,"minecraft:dirt":2,"jeg:molotov_cocktail":1},"minecraft:mined":{"minecraft:grass_block":2,"minecraft:oak_leaves":3},"minecraft:picked_up":{"minecraft:dirt":2}},"DataVersion":2975}