{"stats":{"minecraft:used":{"jeg:combat_rifle":162,"jeg:gunnite_workbench":1,"minecraft:brick_slab":1,"jeg:revolver":58,"minecraft:prismarine_bricks":4,"minecraft:smooth_stone_slab":7,"jeg:waterpipe_shotgun":53,"jeg:assault_rifle":81,"jeg:bolt_action_rifle":17},"minecraft:killed":{"minecraft:iron_golem":1,"minecraft:cod":8,"minecraft:ravager":3},"minecraft:dropped":{"jeg:silencer":1,"minecraft:prismarine_bricks":1,"minecraft:smooth_stone_slab":1},"minecraft:picked_up":{"jeg:silencer":1,"minecraft:prismarine_bricks":1,"minecraft:saddle":3,"minecraft:cod":2},"minecraft:custom":{"minecraft:open_chest":1,"minecraft:time_since_rest":35419,"minecraft:crouch_one_cm":464,"minecraft:sprint_one_cm":74404,"minecraft:play_time":35419,"minecraft:walk_one_cm":52851,"minecraft:sneak_time":1296,"minecraft:trigger_trapped_chest":2,"minecraft:walk_under_water_one_cm":18790,"minecraft:mob_kills":12,"minecraft:drop":3,"minecraft:jump":261,"minecraft:leave_game":2,"minecraft:walk_on_water_one_cm":6667,"minecraft:time_since_death":35419,"minecraft:total_world_time":36212,"minecraft:swim_one_cm":1690,"minecraft:fly_one_cm":325231}},"DataVersion":2975}