{"stats":{"minecraft:custom":{"minecraft:open_chest":1,"minecraft:time_since_rest":38131,"minecraft:crouch_one_cm":643,"minecraft:sprint_one_cm":81250,"minecraft:play_time":38131,"minecraft:walk_one_cm":55738,"minecraft:sneak_time":1509,"minecraft:trigger_trapped_chest":2,"minecraft:walk_under_water_one_cm":18790,"minecraft:mob_kills":18,"minecraft:drop":3,"minecraft:jump":276,"minecraft:leave_game":2,"minecraft:walk_on_water_one_cm":6667,"minecraft:time_since_death":38131,"minecraft:total_world_time":38924,"minecraft:swim_one_cm":1690,"minecraft:fly_one_cm":369606},"minecraft:dropped":{"jeg:silencer":1,"minecraft:prismarine_bricks":1,"minecraft:smooth_stone_slab":1},"minecraft:picked_up":{"jeg:silencer":1,"minecraft:saddle":3,"minecraft:prismarine_bricks":1,"minecraft:cod":2},"minecraft:used":{"jeg:combat_rifle":167,"jeg:gunnite_workbench":1,"minecraft:brick_slab":1,"jeg:revolver":66,"minecraft:prismarine_bricks":4,"minecraft:smooth_stone_slab":7,"jeg:waterpipe_shotgun":57,"jeg:assault_rifle":82,"jeg:bolt_action_rifle":17},"minecraft:killed":{"minecraft:iron_golem":1,"minecraft:cod":14,"minecraft:ravager":3}},"DataVersion":2975}