{
  "minecraft:recipes/building_blocks/prismarine_brick_stairs": {
    "criteria": {
      "has_prismarine_bricks": "2024-08-05 21:58:37 +0000"
    },
    "done": true
  },
  "minecraft:recipes/transportation/dark_oak_boat": {
    "criteria": {
      "in_water": "2024-08-05 21:41:09 +0000"
    },
    "done": true
  },
  "minecraft:recipes/transportation/birch_boat": {
    "criteria": {
      "in_water": "2024-08-05 21:41:09 +0000"
    },
    "done": true
  },
  "minecraft:recipes/decorations/chest": {
    "criteria": {
      "has_lots_of_items": "2024-08-05 21:48:02 +0000"
    },
    "done": true
  },
  "minecraft:adventure/kill_a_mob": {
    "criteria": {
      "minecraft:ravager": "2024-08-05 21:42:31 +0000"
    },
    "done": true
  },
  "paraglider:paraglider": {
    "criteria": {
      "paraglider": "2024-08-05 21:43:50 +0000"
    },
    "done": true
  },
  "minecraft:recipes/building_blocks/prismarine_brick_slab_from_prismarine_stonecutting": {
    "criteria": {
      "has_prismarine_brick": "2024-08-05 21:58:37 +0000"
    },
    "done": true
  },
  "minecraft:adventure/kill_all_mobs": {
    "criteria": {
      "minecraft:ravager": "2024-08-05 21:42:31 +0000"
    },
    "done": false
  },
  "paraglider:recipes/paraglider/cosmetic/paraglider": {
    "criteria": {
      "has_paragliders": "2024-08-05 21:43:50 +0000"
    },
    "done": true
  },
  "paraglider:recipes/paraglider/cosmetic/deku_leaf": {
    "criteria": {
      "has_paragliders": "2024-08-05 21:43:50 +0000"
    },
    "done": true
  },
  "minecraft:recipes/transportation/acacia_boat": {
    "criteria": {
      "in_water": "2024-08-05 21:41:09 +0000"
    },
    "done": true
  },
  "minecraft:recipes/transportation/oak_boat": {
    "criteria": {
      "in_water": "2024-08-05 21:41:09 +0000"
    },
    "done": true
  },
  "minecraft:recipes/food/cooked_cod_from_campfire_cooking": {
    "criteria": {
      "has_cod": "2024-08-05 22:00:38 +0000"
    },
    "done": true
  },
  "minecraft:recipes/food/cooked_cod_from_smoking": {
    "criteria": {
      "has_cod": "2024-08-05 22:00:38 +0000"
    },
    "done": true
  },
  "minecraft:adventure/root": {
    "criteria": {
      "killed_something": "2024-08-05 21:42:31 +0000"
    },
    "done": true
  },
  "minecraft:recipes/building_blocks/prismarine_brick_slab": {
    "criteria": {
      "has_prismarine_bricks": "2024-08-05 21:58:37 +0000"
    },
    "done": true
  },
  "minecraft:recipes/transportation/jungle_boat": {
    "criteria": {
      "in_water": "2024-08-05 21:41:09 +0000"
    },
    "done": true
  },
  "minecraft:recipes/building_blocks/prismarine_brick_stairs_from_prismarine_stonecutting": {
    "criteria": {
      "has_prismarine_brick": "2024-08-05 21:58:37 +0000"
    },
    "done": true
  },
  "minecraft:recipes/food/cooked_cod": {
    "criteria": {
      "has_cod": "2024-08-05 22:00:38 +0000"
    },
    "done": true
  },
  "minecraft:recipes/transportation/spruce_boat": {
    "criteria": {
      "in_water": "2024-08-05 21:41:09 +0000"
    },
    "done": true
  },
  "minecraft:adventure/adventuring_time": {
    "criteria": {
      "minecraft:deep_ocean": "2024-08-05 21:34:53 +0000"
    },
    "done": false
  },
  "minecraft:recipes/decorations/armor_stand": {
    "criteria": {
      "has_stone_slab": "2024-08-05 21:39:36 +0000"
    },
    "done": true
  },
  "DataVersion": 2975
}